Tarih;Bölge Ad?;Bölge Türü;Giri? Say?s?;Ç?k?? Say?s?;Ödeme Al?nan (TL);Ödeme Al?nmayan (TL);Ciro (TL);Ba?ar? Oran?;Cihaz 1 Toplam;Cihaz 2 Toplam;Cihaz 3 Toplam;Cihaz 4 Toplam;Cihaz 5 Toplam
16 Haziran 2026 Sal?;Bölge_08;Özel;34;19;0;0;0;1;2;4;5;2;1
16 Haziran 2026 Sal?;Bölge_09;Halka Aç?k;19;10;0;0;0;1;3;4;3;2;1
16 Haziran 2026 Sal?;Bölge_10;Halka Aç?k;21;16;0;0;0;1;2;4;5;2;1
16 Haziran 2026 Sal?;Bölge_28;Halka Aç?k;35;22;0;0;0;1;2;4;5;2;1
17 Haziran 2026 Çar?amba;Bölge_08;Özel;41;25;0;0;0;1;2;4;5;2;1
17 Haziran 2026 Çar?amba;Bölge_15;Halka Aç?k;22;16;0;0;0;1;2;4;4;2;1
17 Haziran 2026 Çar?amba;Bölge_28;Halka Aç?k;95;80;0;0;0;1;2;4;5;2;1
18 Haziran 2026 Per?embe;Bölge_08;Özel;19;7;0;0;0;1;2;4;5;2;1
18 Haziran 2026 Per?embe;Bölge_09;Halka Aç?k;18;17;0;0;0;1;3;4;3;2;1
18 Haziran 2026 Per?embe;Bölge_10;Halka Aç?k;43;35;0;0;0;1;2;4;5;2;1
18 Haziran 2026 Per?embe;Bölge_15;Halka Aç?k;16;14;0;0;0;1;2;4;4;2;1
18 Haziran 2026 Per?embe;Bölge_28;Halka Aç?k;24;17;0;0;0;1;2;4;5;2;1
18 Haziran 2026 Per?embe;Bölge_30;Halka Aç?k;7;5;0;0;0;1;2;4;5;2;1
19 Haziran 2026 Cuma;Bölge_08;Özel;26;21;0;0;0;1;2;4;5;2;1
19 Haziran 2026 Cuma;Bölge_15;Halka Aç?k;18;12;0;0;0;1;2;4;4;2;1
19 Haziran 2026 Cuma;Bölge_16;Halka Aç?k;283;267;0;0;0;1;3;4;5;4;1
19 Haziran 2026 Cuma;Bölge_28;Halka Aç?k;55;50;0;0;0;1;2;4;5;2;1
19 Haziran 2026 Cuma;Bölge_30;Halka Aç?k;7;5;0;0;0;1;2;4;5;2;1
20 Haziran 2026 Cumartesi;Bölge_08;Özel;48;31;0;0;0;1;2;4;5;2;1
20 Haziran 2026 Cumartesi;Bölge_09;Halka Aç?k;16;11;0;0;0;1;3;4;3;2;1
20 Haziran 2026 Cumartesi;Bölge_10;Halka Aç?k;58;43;0;0;0;1;2;4;5;2;1
20 Haziran 2026 Cumartesi;Bölge_11;Halka Aç?k;531;531;0;0;0;1;3;4;5;4;1
20 Haziran 2026 Cumartesi;Bölge_15;Halka Aç?k;12;8;0;0;0;1;2;4;4;2;1
20 Haziran 2026 Cumartesi;Bölge_16;Halka Aç?k;139;127;0;0;0;1;3;4;5;4;1
20 Haziran 2026 Cumartesi;Bölge_28;Halka Aç?k;706;617;0;0;0;1;2;4;5;2;1
20 Haziran 2026 Cumartesi;Bölge_30;Halka Aç?k;7;5;0;0;0;1;2;4;5;2;1
21 Haziran 2026 Pazar;Bölge_08;Özel;44;25;0;0;0;1;2;4;5;2;1
21 Haziran 2026 Pazar;Bölge_09;Halka Aç?k;9;6;0;0;0;1;3;4;3;2;1
21 Haziran 2026 Pazar;Bölge_10;Halka Aç?k;50;36;0;0;0;1;2;4;5;2;1
21 Haziran 2026 Pazar;Bölge_11;Halka Aç?k;903;791;0;0;0;1;3;4;5;4;1
21 Haziran 2026 Pazar;Bölge_28;Halka Aç?k;16;11;0;0;0;1;2;4;5;2;1
21 Haziran 2026 Pazar;Bölge_30;Halka Aç?k;7;5;0;0;0;1;2;4;5;2;1
22 Haziran 2026 Pazartesi;Bölge_16;Halka Aç?k;281;262;0;0;0;1;3;4;5;4;1
22 Haziran 2026 Pazartesi;Bölge_24;Halka Aç?k;535;563;0;0;0;1;2;4;5;4;2
22 Haziran 2026 Pazartesi;Bölge_27;Halka Aç?k;538;536;0;0;0;1;2;4;5;4;2
22 Haziran 2026 Pazartesi;Bölge_29;Halka Aç?k;299;295;0;0;0;1;3;4;5;2;2
22 Haziran 2026 Pazartesi;Bölge_30;Halka Aç?k;7;5;0;0;0;1;2;4;5;2;1
22 Haziran 2026 Pazartesi;Bölge_31;Halka Aç?k;429;425;0;0;0;1;2;4;5;2;2
22 Haziran 2026 Pazartesi;Bölge_32;Halka Aç?k;61;41;0;0;0;1;4;4;5;2;2
22 Haziran 2026 Pazartesi;Bölge_33;Halka Aç?k;28;26;0;0;0;1;2;4;5;3;2
22 Haziran 2026 Pazartesi;Bölge_35;Halka Aç?k;135;124;0;0;0;1;2;4;5;2;2
23 Haziran 2026 Sal?;Bölge_08;Özel;17;11;0;0;0;1;2;4;5;2;1
23 Haziran 2026 Sal?;Bölge_10;Halka Aç?k;55;42;0;0;0;1;2;4;5;2;1
23 Haziran 2026 Sal?;Bölge_24;Halka Aç?k;627;582;0;0;0;1;2;4;5;4;2
23 Haziran 2026 Sal?;Bölge_27;Halka Aç?k;549;530;0;0;0;1;2;4;5;4;2
23 Haziran 2026 Sal?;Bölge_28;Halka Aç?k;31;21;0;0;0;1;2;4;5;2;1
23 Haziran 2026 Sal?;Bölge_29;Halka Aç?k;299;283;0;0;0;1;3;4;5;2;2
23 Haziran 2026 Sal?;Bölge_30;Halka Aç?k;7;5;0;0;0;1;2;4;5;2;1
23 Haziran 2026 Sal?;Bölge_33;Halka Aç?k;25;20;0;0;0;1;2;4;5;3;2
23 Haziran 2026 Sal?;Bölge_35;Halka Aç?k;141;131;0;0;0;1;2;4;5;2;2
24 Haziran 2026 Çar?amba;Bölge_08;Özel;28;16;0;0;0;1;2;4;5;2;1
24 Haziran 2026 Çar?amba;Bölge_09;Halka Aç?k;16;10;0;0;0;1;3;4;3;2;1
24 Haziran 2026 Çar?amba;Bölge_10;Halka Aç?k;40;31;0;0;0;1;2;4;5;2;1
24 Haziran 2026 Çar?amba;Bölge_24;Halka Aç?k;627;613;0;0;0;1;2;4;5;4;2
24 Haziran 2026 Çar?amba;Bölge_27;Halka Aç?k;575;588;0;0;0;1;2;4;5;4;2
24 Haziran 2026 Çar?amba;Bölge_28;Halka Aç?k;117;101;0;0;0;1;2;4;5;2;1
24 Haziran 2026 Çar?amba;Bölge_29;Halka Aç?k;368;344;0;0;0;1;3;4;5;2;2
24 Haziran 2026 Çar?amba;Bölge_30;Halka Aç?k;7;5;0;0;0;1;2;4;5;2;1
24 Haziran 2026 Çar?amba;Bölge_31;Halka Aç?k;457;445;0;0;0;1;2;4;5;2;2
24 Haziran 2026 Çar?amba;Bölge_32;Halka Aç?k;67;64;0;0;0;1;4;4;5;2;2
25 Haziran 2026 Per?embe;Bölge_08;Özel;499;428;0;0;0;1;2;4;5;2;1
25 Haziran 2026 Per?embe;Bölge_09;Halka Aç?k;22;12;0;0;0;1;3;4;3;2;1
25 Haziran 2026 Per?embe;Bölge_10;Halka Aç?k;50;37;0;0;0;1;2;4;5;2;1
25 Haziran 2026 Per?embe;Bölge_24;Halka Aç?k;624;573;0;0;0;1;2;4;5;4;2
25 Haziran 2026 Per?embe;Bölge_27;Halka Aç?k;631;594;0;0;0;1;2;4;5;4;2
25 Haziran 2026 Per?embe;Bölge_28;Halka Aç?k;20;14;0;0;0;1;2;4;5;2;1
25 Haziran 2026 Per?embe;Bölge_30;Halka Aç?k;7;5;0;0;0;1;2;4;5;2;1
25 Haziran 2026 Per?embe;Bölge_31;Halka Aç?k;495;473;0;0;0;1;2;4;5;2;2
25 Haziran 2026 Per?embe;Bölge_32;Halka Aç?k;74;60;0;0;0;1;4;4;5;2;2
25 Haziran 2026 Per?embe;Bölge_33;Halka Aç?k;31;21;0;0;0;1;2;4;5;3;2
25 Haziran 2026 Per?embe;Bölge_38;Halka Aç?k;438;426;0;0;0;1;2;4;5;2;2
3 Temmuz 2026 Cuma;Bölge_08;Özel;33;15;0;0;0;1;2;4;5;2;1
18 Haziran 2026 Per?embe;Bölge_01;Halka Aç?k;7;5;0;0;0;1;2;6;3;2;1
20 Haziran 2026 Cumartesi;Bölge_25;Halka Aç?k;102;134;0;0;0;1;3;19;3;2;1
21 Haziran 2026 Pazar;Bölge_25;Halka Aç?k;23;27;0;0;0;1;3;19;3;2;1
22 Haziran 2026 Pazartesi;Bölge_03;Halka Aç?k;467;311;0;0;0;1;6;7;6;2;3
22 Haziran 2026 Pazartesi;Bölge_04;Halka Aç?k;139;139;0;0;0;1;4;6;4;4;3
22 Haziran 2026 Pazartesi;Bölge_07;Halka Aç?k;56;58;0;0;0;1;3;5;5;3;2
22 Haziran 2026 Pazartesi;Bölge_12;Halka Aç?k;1744;1630;0;0;0;1;12;11;10;2;3
22 Haziran 2026 Pazartesi;Bölge_26;Halka Aç?k;344;326;0;0;0;1;2;6;6;5;2
22 Haziran 2026 Pazartesi;Bölge_34;Halka Aç?k;844;828;0;0;0;1;6;6;7;3;3
22 Haziran 2026 Pazartesi;Bölge_36;Halka Aç?k;253;236;0;0;0;1;3;5;6;3;2
22 Haziran 2026 Pazartesi;Bölge_37;Halka Aç?k;77;75;0;0;0;1;3;6;7;4;5
23 Haziran 2026 Sal?;Bölge_03;Halka Aç?k;511;335;0;0;0;1;6;7;6;2;3
23 Haziran 2026 Sal?;Bölge_12;Halka Aç?k;1884;1752;0;0;0;1;12;11;10;2;3
23 Haziran 2026 Sal?;Bölge_14;Halka Aç?k;360;357;0;0;0;1;2;5;6;2;1
23 Haziran 2026 Sal?;Bölge_26;Halka Aç?k;383;375;0;0;0;1;2;6;6;5;2
23 Haziran 2026 Sal?;Bölge_34;Halka Aç?k;736;563;0;0;0;1;6;6;7;3;3
23 Haziran 2026 Sal?;Bölge_36;Halka Aç?k;418;403;0;0;0;1;3;5;6;3;2
23 Haziran 2026 Sal?;Bölge_37;Halka Aç?k;158;120;0;0;0;1;3;6;7;4;5
24 Haziran 2026 Çar?amba;Bölge_03;Halka Aç?k;525;366;0;0;0;1;6;7;6;2;3
24 Haziran 2026 Çar?amba;Bölge_04;Halka Aç?k;133;131;0;0;0;1;4;6;4;4;3
24 Haziran 2026 Çar?amba;Bölge_07;Halka Aç?k;1206;1095;0;0;0;1;3;5;5;3;2
24 Haziran 2026 Çar?amba;Bölge_12;Halka Aç?k;1746;1672;0;0;0;1;12;11;10;2;3
24 Haziran 2026 Çar?amba;Bölge_26;Halka Aç?k;400;395;0;0;0;1;2;6;6;5;2
24 Haziran 2026 Çar?amba;Bölge_34;Halka Aç?k;723;685;0;0;0;1;6;6;7;3;3
24 Haziran 2026 Çar?amba;Bölge_36;Halka Aç?k;260;198;0;0;0;1;3;5;6;3;2
24 Haziran 2026 Çar?amba;Bölge_37;Halka Aç?k;189;158;0;0;0;1;3;6;7;4;5
25 Haziran 2026 Per?embe;Bölge_03;Halka Aç?k;530;370;0;0;0;1;6;7;6;2;3
25 Haziran 2026 Per?embe;Bölge_07;Halka Aç?k;1149;1051;0;0;0;1;3;5;5;3;2
25 Haziran 2026 Per?embe;Bölge_12;Halka Aç?k;1604;1569;0;0;0;1;12;11;10;2;3
25 Haziran 2026 Per?embe;Bölge_14;Halka Aç?k;372;369;0;0;0;1;2;5;6;2;1
25 Haziran 2026 Per?embe;Bölge_26;Halka Aç?k;319;306;0;0;0;1;2;6;6;5;2
25 Haziran 2026 Per?embe;Bölge_34;Halka Aç?k;751;749;0;0;0;1;6;6;7;3;3
25 Haziran 2026 Per?embe;Bölge_36;Halka Aç?k;349;375;0;0;0;1;3;5;6;3;2
25 Haziran 2026 Per?embe;Bölge_37;Halka Aç?k;152;169;0;0;0;1;3;6;7;4;5
16 Haziran 2026 Sal?;Bölge_22;Halka Aç?k;3013;2617;0;0;0;1;6;12;3;5;1
21 Haziran 2026 Pazar;Bölge_15;Halka Aç?k;13;7;0;177;177;0;2;4;4;2;1
22 Haziran 2026 Pazartesi;Bölge_01;Halka Aç?k;1074;963;0;10967;10967;0;2;6;3;2;1
22 Haziran 2026 Pazartesi;Bölge_05;Halka Aç?k;182;160;0;1287;1287;0;2;4;4;3;1
22 Haziran 2026 Pazartesi;Bölge_14;Halka Aç?k;332;327;0;157;157;0;2;5;6;2;1
22 Haziran 2026 Pazartesi;Bölge_15;Halka Aç?k;21;15;0;157;157;0;2;4;4;2;1
22 Haziran 2026 Pazartesi;Bölge_19;Halka Aç?k;79;62;0;467;467;0;3;6;7;2;3
22 Haziran 2026 Pazartesi;Bölge_20;Halka Aç?k;975;957;0;3857;3857;0;3;8;3;2;1
22 Haziran 2026 Pazartesi;Bölge_21;Halka Aç?k;1142;1026;0;2067;2067;0;5;11;3;5;1
22 Haziran 2026 Pazartesi;Bölge_25;Halka Aç?k;556;533;0;567;567;0;3;19;3;2;1
23 Haziran 2026 Sal?;Bölge_01;Halka Aç?k;1074;961;0;9767;9767;0;2;6;3;2;1
23 Haziran 2026 Sal?;Bölge_04;Halka Aç?k;151;145;0;267;267;0;4;6;4;4;3
23 Haziran 2026 Sal?;Bölge_05;Halka Aç?k;180;163;0;1627;1627;0;2;4;4;3;1
23 Haziran 2026 Sal?;Bölge_15;Halka Aç?k;22;18;0;90;90;0;2;4;4;2;1
23 Haziran 2026 Sal?;Bölge_19;Halka Aç?k;106;98;0;637;637;0;3;6;7;2;3
23 Haziran 2026 Sal?;Bölge_20;Halka Aç?k;946;904;0;4027;4027;0;3;8;3;2;1
23 Haziran 2026 Sal?;Bölge_21;Halka Aç?k;1157;1093;0;3127;3127;0;5;11;3;5;1
23 Haziran 2026 Sal?;Bölge_22;Halka Aç?k;2991;2483;0;3297;3297;0;6;12;3;5;1
23 Haziran 2026 Sal?;Bölge_25;Halka Aç?k;1078;972;0;5817;5817;0;3;19;3;2;1
24 Haziran 2026 Çar?amba;Bölge_01;Halka Aç?k;1108;943;0;9417;9417;0;2;6;3;2;1
24 Haziran 2026 Çar?amba;Bölge_05;Halka Aç?k;178;161;0;1267;1267;0;2;4;4;3;1
24 Haziran 2026 Çar?amba;Bölge_14;Halka Aç?k;367;366;0;1617;1617;0;2;5;6;2;1
24 Haziran 2026 Çar?amba;Bölge_15;Halka Aç?k;21;14;0;2507;2507;0;2;4;4;2;1
24 Haziran 2026 Çar?amba;Bölge_19;Halka Aç?k;92;77;0;617;617;0;3;6;7;2;3
24 Haziran 2026 Çar?amba;Bölge_20;Halka Aç?k;935;911;0;5847;5847;0;3;8;3;2;1
24 Haziran 2026 Çar?amba;Bölge_21;Halka Aç?k;10;9;0;517;517;0;5;11;3;5;1
24 Haziran 2026 Çar?amba;Bölge_22;Halka Aç?k;2775;2375;0;5132;5132;0;6;12;3;5;1
24 Haziran 2026 Çar?amba;Bölge_25;Halka Aç?k;801;775;0;4517;4517;0;3;19;3;2;1
25 Haziran 2026 Per?embe;Bölge_01;Halka Aç?k;1055;920;0;10267;10267;0;2;6;3;2;1
25 Haziran 2026 Per?embe;Bölge_04;Halka Aç?k;120;115;0;267;267;0;4;6;4;4;3
25 Haziran 2026 Per?embe;Bölge_05;Halka Aç?k;199;160;0;1187;1187;0;2;4;4;3;1
25 Haziran 2026 Per?embe;Bölge_15;Halka Aç?k;31;28;0;3197;3197;0;2;4;4;2;1
25 Haziran 2026 Per?embe;Bölge_19;Halka Aç?k;102;89;0;707;707;0;3;6;7;2;3
25 Haziran 2026 Per?embe;Bölge_20;Halka Aç?k;929;917;0;5197;5197;0;3;8;3;2;1
25 Haziran 2026 Per?embe;Bölge_22;Halka Aç?k;2908;2489;0;1492;1492;0;6;12;3;5;1
25 Haziran 2026 Per?embe;Bölge_25;Halka Aç?k;884;802;0;1067;1067;0;3;19;3;2;1
17 Haziran 2026 Çar?amba;Bölge_09;Halka Aç?k;10;7;0;257;257;0;3;4;3;2;1
19 Haziran 2026 Cuma;Bölge_09;Halka Aç?k;10;6;0;237;237;0;3;4;3;2;1
22 Haziran 2026 Pazartesi;Bölge_09;Halka Aç?k;13;12;0;177;177;0;3;4;3;2;1
23 Haziran 2026 Sal?;Bölge_09;Halka Aç?k;11;9;0;167;167;0;3;4;3;2;1
25 Haziran 2026 Per?embe;Bölge_21;Halka Aç?k;7;6;0;517;517;0;5;11;3;5;1
27 Haziran 2026 Cumartesi;Bölge_09;Halka Aç?k;8;12;0;27197;27197;0;3;4;3;2;1
27 Haziran 2026 Cumartesi;Bölge_25;Halka Aç?k;76;115;0;342167;342167;0;3;19;3;2;1
28 Haziran 2026 Pazar;Bölge_14;Halka Aç?k;132;112;0;2637;2637;0;2;5;6;2;1
28 Haziran 2026 Pazar;Bölge_25;Halka Aç?k;20;24;0;72917;72917;0;3;19;3;2;1
29 Haziran 2026 Pazartesi;Bölge_09;Halka Aç?k;165;69;0;2407;2407;0;3;4;3;2;1
30 Haziran 2026 Sal?;Bölge_09;Halka Aç?k;157;81;0;6937;6937;0;3;4;3;2;1
1 Temmuz 2026 Çar?amba;Bölge_09;Halka Aç?k;166;101;0;2337;2337;0;3;4;3;2;1
3 Temmuz 2026 Cuma;Bölge_09;Halka Aç?k;159;102;0;3257;3257;0;3;4;3;2;1
22 Haziran 2026 Pazartesi;Bölge_02;Halka Aç?k;313;307;0;47;47;0;4;8;5;2;3
22 Haziran 2026 Pazartesi;Bölge_10;Halka Aç?k;40;33;0;1377;1377;0;2;4;5;2;1
22 Haziran 2026 Pazartesi;Bölge_13;Halka Aç?k;34;22;0;567;567;0;3;4;5;2;1
22 Haziran 2026 Pazartesi;Bölge_17;Halka Aç?k;48;50;0;30;30;0;2;4;5;2;1
22 Haziran 2026 Pazartesi;Bölge_18;Halka Aç?k;113;106;0;2347;2347;0;3;5;5;3;1
23 Haziran 2026 Sal?;Bölge_02;Halka Aç?k;331;326;0;8797;8797;0;4;8;5;2;3
23 Haziran 2026 Sal?;Bölge_07;Halka Aç?k;1090;971;0;177;177;0;3;5;5;3;2
23 Haziran 2026 Sal?;Bölge_13;Halka Aç?k;26;24;0;197;197;0;3;4;5;2;1
23 Haziran 2026 Sal?;Bölge_16;Halka Aç?k;302;285;0;1217;1217;0;3;4;5;4;1
23 Haziran 2026 Sal?;Bölge_17;Halka Aç?k;42;25;0;1617;1617;0;2;4;5;2;1
23 Haziran 2026 Sal?;Bölge_18;Halka Aç?k;101;95;0;1387;1387;0;3;5;5;3;1
23 Haziran 2026 Sal?;Bölge_31;Halka Aç?k;405;400;0;32967;32967;0;2;4;5;2;2
23 Haziran 2026 Sal?;Bölge_32;Halka Aç?k;13;12;0;15317;15317;0;4;4;5;2;2
24 Haziran 2026 Çar?amba;Bölge_02;Halka Aç?k;94;88;0;1727;1727;0;4;8;5;2;3
24 Haziran 2026 Çar?amba;Bölge_13;Halka Aç?k;30;24;0;307;307;0;3;4;5;2;1
24 Haziran 2026 Çar?amba;Bölge_16;Halka Aç?k;285;277;0;60727;60727;0;3;4;5;4;1
24 Haziran 2026 Çar?amba;Bölge_17;Halka Aç?k;45;38;0;1917;1917;0;2;4;5;2;1
24 Haziran 2026 Çar?amba;Bölge_18;Halka Aç?k;169;166;0;2137;2137;0;3;5;5;3;1
24 Haziran 2026 Çar?amba;Bölge_33;Halka Aç?k;28;21;0;317;317;0;2;4;5;3;2
24 Haziran 2026 Çar?amba;Bölge_35;Halka Aç?k;129;122;0;140;140;0;2;4;5;2;2
25 Haziran 2026 Per?embe;Bölge_02;Halka Aç?k;95;95;0;2787;2787;0;4;8;5;2;3
25 Haziran 2026 Per?embe;Bölge_13;Halka Aç?k;26;22;0;577;577;0;3;4;5;2;1
25 Haziran 2026 Per?embe;Bölge_16;Halka Aç?k;313;305;0;1017;1017;0;3;4;5;4;1
25 Haziran 2026 Per?embe;Bölge_17;Halka Aç?k;82;78;0;3417;3417;0;2;4;5;2;1
25 Haziran 2026 Per?embe;Bölge_18;Halka Aç?k;102;95;0;1407;1407;0;3;5;5;3;1
25 Haziran 2026 Per?embe;Bölge_29;Halka Aç?k;302;305;0;1017;1017;0;3;4;5;2;2
25 Haziran 2026 Per?embe;Bölge_35;Halka Aç?k;151;144;0;60;60;0;2;4;5;2;2
16 Haziran 2026 Sal?;Bölge_13;Halka Aç?k;43;31;0;4417;4417;0;3;4;5;2;1
16 Haziran 2026 Sal?;Bölge_17;Halka Aç?k;25;16;0;3417;3417;0;2;4;5;2;1
16 Haziran 2026 Sal?;Bölge_18;Halka Aç?k;106;103;0;8537;8537;0;3;5;5;3;1
16 Haziran 2026 Sal?;Bölge_30;Halka Aç?k;59;65;0;577;577;0;2;4;5;2;1
17 Haziran 2026 Çar?amba;Bölge_10;Halka Aç?k;34;23;0;247;247;0;2;4;5;2;1
17 Haziran 2026 Çar?amba;Bölge_11;Halka Aç?k;381;379;0;23317;23317;0;3;4;5;4;1
17 Haziran 2026 Çar?amba;Bölge_23;Halka Aç?k;584;390;0;642;642;0;2;5;5;2;1
17 Haziran 2026 Çar?amba;Bölge_30;Halka Aç?k;7;5;0;784;784;0;2;4;5;2;1
18 Haziran 2026 Per?embe;Bölge_11;Halka Aç?k;384;347;0;15417;15417;0;3;4;5;4;1
18 Haziran 2026 Per?embe;Bölge_23;Halka Aç?k;554;385;0;2242;2242;0;2;5;5;2;1
19 Haziran 2026 Cuma;Bölge_23;Halka Aç?k;668;496;0;1917;1917;0;2;5;5;2;1
20 Haziran 2026 Cumartesi;Bölge_23;Halka Aç?k;1704;1181;0;2467;2467;0;2;5;5;2;1
21 Haziran 2026 Pazar;Bölge_23;Halka Aç?k;622;416;0;1367;1367;0;2;5;5;2;1
22 Haziran 2026 Pazartesi;Bölge_08;Özel;31;21;0;797;797;0;2;4;5;2;1
22 Haziran 2026 Pazartesi;Bölge_11;Halka Aç?k;314;247;0;49317;49317;0;3;4;5;4;1
22 Haziran 2026 Pazartesi;Bölge_23;Halka Aç?k;710;436;0;842;842;0;2;5;5;2;1
22 Haziran 2026 Pazartesi;Bölge_28;Halka Aç?k;28;22;0;197;197;0;2;4;5;2;1
23 Haziran 2026 Sal?;Bölge_11;Halka Aç?k;405;359;0;317;317;0;3;4;5;4;1
23 Haziran 2026 Sal?;Bölge_23;Halka Aç?k;1487;1112;0;3342;3342;0;2;5;5;2;1
24 Haziran 2026 Çar?amba;Bölge_11;Halka Aç?k;329;326;0;24017;24017;0;3;4;5;4;1
24 Haziran 2026 Çar?amba;Bölge_23;Halka Aç?k;527;360;0;2067;2067;0;2;5;5;2;1
25 Haziran 2026 Per?embe;Bölge_11;Halka Aç?k;308;303;0;120;120;0;3;4;5;4;1
25 Haziran 2026 Per?embe;Bölge_23;Halka Aç?k;654;419;0;3092;3092;0;2;5;5;2;1
26 Haziran 2026 Cuma;Bölge_08;Özel;45;22;0;12247;12247;0;2;4;5;2;1
26 Haziran 2026 Cuma;Bölge_10;Halka Aç?k;54;41;0;14677;14677;0;2;4;5;2;1
26 Haziran 2026 Cuma;Bölge_23;Halka Aç?k;697;489;0;13692;13692;0;2;5;5;2;1
26 Haziran 2026 Cuma;Bölge_28;Halka Aç?k;54;45;0;1277;1277;0;2;4;5;2;1
27 Haziran 2026 Cumartesi;Bölge_08;Özel;51;28;0;167;167;0;2;4;5;2;1
27 Haziran 2026 Cumartesi;Bölge_10;Halka Aç?k;35;24;0;697;697;0;2;4;5;2;1
27 Haziran 2026 Cumartesi;Bölge_11;Halka Aç?k;637;584;0;43917;43917;0;3;4;5;4;1
27 Haziran 2026 Cumartesi;Bölge_16;Halka Aç?k;120;109;0;16367;16367;0;3;4;5;4;1
27 Haziran 2026 Cumartesi;Bölge_23;Halka Aç?k;1547;1148;0;12317;12317;0;2;5;5;2;1
27 Haziran 2026 Cumartesi;Bölge_28;Halka Aç?k;561;434;0;26417;26417;0;2;4;5;2;1
28 Haziran 2026 Pazar;Bölge_08;Özel;67;28;0;1017;1017;0;2;4;5;2;1
28 Haziran 2026 Pazar;Bölge_10;Halka Aç?k;43;26;0;4397;4397;0;2;4;5;2;1
28 Haziran 2026 Pazar;Bölge_11;Halka Aç?k;2528;2410;0;143317;143317;0;3;4;5;4;1
28 Haziran 2026 Pazar;Bölge_16;Halka Aç?k;86;78;0;19537;19537;0;3;4;5;4;1
28 Haziran 2026 Pazar;Bölge_23;Halka Aç?k;634;397;0;3042;3042;0;2;5;5;2;1
28 Haziran 2026 Pazar;Bölge_28;Halka Aç?k;18;13;0;5747;5747;0;2;4;5;2;1
29 Haziran 2026 Pazartesi;Bölge_08;Özel;29;20;0;2617;2617;0;2;4;5;2;1
29 Haziran 2026 Pazartesi;Bölge_23;Halka Aç?k;674;451;0;14917;14917;0;2;5;5;2;1
30 Haziran 2026 Sal?;Bölge_10;Halka Aç?k;48;37;0;4577;4577;0;2;4;5;2;1
30 Haziran 2026 Sal?;Bölge_11;Halka Aç?k;239;232;0;24917;24917;0;3;4;5;4;1
30 Haziran 2026 Sal?;Bölge_23;Halka Aç?k;1460;1089;0;21242;21242;0;2;5;5;2;1
30 Haziran 2026 Sal?;Bölge_28;Halka Aç?k;17;15;0;1007;1007;0;2;4;5;2;1
1 Temmuz 2026 Çar?amba;Bölge_11;Halka Aç?k;265;263;0;27317;27317;0;3;4;5;4;1
1 Temmuz 2026 Çar?amba;Bölge_23;Halka Aç?k;547;369;0;4192;4192;0;2;5;5;2;1
1 Temmuz 2026 Çar?amba;Bölge_28;Halka Aç?k;115;101;0;4517;4517;0;2;4;5;2;1
2 Temmuz 2026 Per?embe;Bölge_08;Özel;148;64;0;4667;4667;0;2;4;5;2;1
2 Temmuz 2026 Per?embe;Bölge_10;Halka Aç?k;78;65;0;110;110;0;2;4;5;2;1
2 Temmuz 2026 Per?embe;Bölge_11;Halka Aç?k;262;244;0;810;810;0;3;4;5;4;1
2 Temmuz 2026 Per?embe;Bölge_23;Halka Aç?k;568;401;0;5692;5692;0;2;5;5;2;1
2 Temmuz 2026 Per?embe;Bölge_28;Halka Aç?k;16;14;0;537;537;0;2;4;5;2;1
2 Temmuz 2026 Per?embe;Bölge_30;Halka Aç?k;305;255;0;10287;10287;0;2;4;5;2;1
3 Temmuz 2026 Cuma;Bölge_10;Halka Aç?k;41;34;0;857;857;0;2;4;5;2;1
3 Temmuz 2026 Cuma;Bölge_23;Halka Aç?k;654;436;0;6867;6867;0;2;5;5;2;1
3 Temmuz 2026 Cuma;Bölge_28;Halka Aç?k;51;46;0;1737;1737;0;2;4;5;2;1
16 Haziran 2026 Sal?;Bölge_04;Halka Aç?k;153;152;20312;307;20619;0,98511082;4;6;4;4;3
16 Haziran 2026 Sal?;Bölge_05;Halka Aç?k;167;147;17962;1707;19669;0,913213687;2;4;4;3;1
16 Haziran 2026 Sal?;Bölge_12;Halka Aç?k;1781;1636;103622;12617;116239;0,891456396;12;11;10;2;3
16 Haziran 2026 Sal?;Bölge_14;Halka Aç?k;240;234;7502;217;7719;0,97188755;2;5;6;2;1
16 Haziran 2026 Sal?;Bölge_15;Halka Aç?k;23;20;242;577;819;0,295482295;2;4;4;2;1
16 Haziran 2026 Sal?;Bölge_19;Halka Aç?k;104;92;5392;1277;6669;0,808517019;3;6;7;2;3
17 Haziran 2026 Çar?amba;Bölge_05;Halka Aç?k;188;178;23622;857;24479;0,9649904;2;4;4;3;1
18 Haziran 2026 Per?embe;Bölge_05;Halka Aç?k;179;160;17922;507;18429;0,972489012;2;4;4;3;1
18 Haziran 2026 Per?embe;Bölge_19;Halka Aç?k;79;67;1242;737;1979;0,627589692;3;6;7;2;3
19 Haziran 2026 Cuma;Bölge_04;Halka Aç?k;153;145;22252;387;22639;0,982905605;4;6;4;4;3
19 Haziran 2026 Cuma;Bölge_05;Halka Aç?k;160;130;14712;1657;16369;0,898772069;2;4;4;3;1
19 Haziran 2026 Cuma;Bölge_19;Halka Aç?k;61;47;1202;787;1989;0,604323781;3;6;7;2;3
20 Haziran 2026 Cumartesi;Bölge_04;Halka Aç?k;173;157;20972;597;21569;0,972321387;4;6;4;4;3
20 Haziran 2026 Cumartesi;Bölge_05;Halka Aç?k;139;121;11992;437;12429;0,964840293;2;4;4;3;1
20 Haziran 2026 Cumartesi;Bölge_19;Halka Aç?k;156;140;8912;1317;10229;0,871248411;3;6;7;2;3
21 Haziran 2026 Pazar;Bölge_04;Halka Aç?k;118;127;20372;357;20729;0,982777751;4;6;4;4;3
21 Haziran 2026 Pazar;Bölge_05;Halka Aç?k;78;69;6612;267;6879;0,961186219;2;4;4;3;1
21 Haziran 2026 Pazar;Bölge_14;Halka Aç?k;138;134;2262;1937;4199;0,53869969;2;5;6;2;1
21 Haziran 2026 Pazar;Bölge_19;Halka Aç?k;84;78;40;517;557;0,071813285;3;6;7;2;3
26 Haziran 2026 Cuma;Bölge_03;Halka Aç?k;499;365;9172;18237;27409;0,334634609;6;7;6;2;3
26 Haziran 2026 Cuma;Bölge_05;Halka Aç?k;153;133;12942;757;13699;0,944740492;2;4;4;3;1
26 Haziran 2026 Cuma;Bölge_12;Halka Aç?k;1501;1475;96172;88017;184189;0,522137587;12;11;10;2;3
26 Haziran 2026 Cuma;Bölge_15;Halka Aç?k;25;18;542;437;979;0,553626149;2;4;4;2;1
26 Haziran 2026 Cuma;Bölge_19;Halka Aç?k;107;92;1872;717;2589;0,723059096;3;6;7;2;3
26 Haziran 2026 Cuma;Bölge_26;Halka Aç?k;328;313;26832;437;27269;0,983974477;2;6;6;5;2
26 Haziran 2026 Cuma;Bölge_34;Halka Aç?k;754;728;21330;16521;37851;0,563525402;6;6;7;3;3
26 Haziran 2026 Cuma;Bölge_36;Halka Aç?k;359;305;3453;1932;5385;0,641225627;3;5;6;3;2
26 Haziran 2026 Cuma;Bölge_37;Halka Aç?k;154;127;1446;1163;2609;0,554235339;3;6;7;4;5
27 Haziran 2026 Cumartesi;Bölge_03;Halka Aç?k;338;214;5802;7787;13589;0,426962985;6;7;6;2;3
27 Haziran 2026 Cumartesi;Bölge_05;Halka Aç?k;114;104;10472;2157;12629;0,829202629;2;4;4;3;1
27 Haziran 2026 Cumartesi;Bölge_12;Halka Aç?k;1348;1207;89822;38267;128089;0,701246789;12;11;10;2;3
27 Haziran 2026 Cumartesi;Bölge_15;Halka Aç?k;17;14;582;177;759;0,766798419;2;4;4;2;1
27 Haziran 2026 Cumartesi;Bölge_19;Halka Aç?k;166;149;3722;837;4559;0,816407107;3;6;7;2;3
27 Haziran 2026 Cumartesi;Bölge_34;Halka Aç?k;686;668;15576;27779;43355;0,359266521;6;6;7;3;3
27 Haziran 2026 Cumartesi;Bölge_36;Halka Aç?k;438;416;4008;3448;7456;0,537553648;3;5;6;3;2
27 Haziran 2026 Cumartesi;Bölge_37;Halka Aç?k;156;144;1190;1633;2823;0,421537372;3;6;7;4;5
28 Haziran 2026 Pazar;Bölge_03;Halka Aç?k;218;154;2092;8707;10799;0,193721641;6;7;6;2;3
28 Haziran 2026 Pazar;Bölge_05;Halka Aç?k;47;39;3892;24337;28229;0,137872401;2;4;4;3;1
28 Haziran 2026 Pazar;Bölge_12;Halka Aç?k;939;959;71322;62717;134039;0,532098867;12;11;10;2;3
28 Haziran 2026 Pazar;Bölge_19;Halka Aç?k;131;125;4242;5187;9429;0,449888641;3;6;7;2;3
28 Haziran 2026 Pazar;Bölge_34;Halka Aç?k;716;691;18319;43611;61930;0,295801712;6;6;7;3;3
28 Haziran 2026 Pazar;Bölge_36;Halka Aç?k;420;400;3645;3555;7200;0,50625;3;5;6;3;2
28 Haziran 2026 Pazar;Bölge_37;Halka Aç?k;182;164;1873;1355;3228;0,58023544;3;6;7;4;5
29 Haziran 2026 Pazartesi;Bölge_03;Halka Aç?k;467;325;6672;17307;23979;0,278243463;6;7;6;2;3
29 Haziran 2026 Pazartesi;Bölge_04;Halka Aç?k;129;127;19662;237;19899;0,988089854;4;6;4;4;3
29 Haziran 2026 Pazartesi;Bölge_05;Halka Aç?k;134;127;13082;477;13559;0,964820414;2;4;4;3;1
29 Haziran 2026 Pazartesi;Bölge_14;Halka Aç?k;391;343;5362;1357;6719;0,798035422;2;5;6;2;1
29 Haziran 2026 Pazartesi;Bölge_15;Halka Aç?k;38;29;982;277;1259;0,779984114;2;4;4;2;1
29 Haziran 2026 Pazartesi;Bölge_19;Halka Aç?k;77;65;922;2317;3239;0,284655758;3;6;7;2;3
29 Haziran 2026 Pazartesi;Bölge_26;Halka Aç?k;345;324;26952;877;27829;0,968486112;2;6;6;5;2
29 Haziran 2026 Pazartesi;Bölge_34;Halka Aç?k;857;861;22045;17449;39494;0,558186054;6;6;7;3;3
29 Haziran 2026 Pazartesi;Bölge_36;Halka Aç?k;49;38;165;544;709;0,232722144;3;5;6;3;2
29 Haziran 2026 Pazartesi;Bölge_37;Halka Aç?k;91;79;528;971;1499;0,352234823;3;6;7;4;5
29 Haziran 2026 Pazartesi;Bölge_12;Halka Aç?k;1621;1545;96272;33867;130139;0,739762869;12;11;10;2;3
30 Haziran 2026 Sal?;Bölge_03;Halka Aç?k;371;293;7432;10377;17809;0,417317087;6;7;6;2;3
30 Haziran 2026 Sal?;Bölge_05;Halka Aç?k;113;103;11022;877;11899;0,926296327;2;4;4;3;1
30 Haziran 2026 Sal?;Bölge_14;Halka Aç?k;355;320;5542;1917;7459;0,74299504;2;5;6;2;1
30 Haziran 2026 Sal?;Bölge_19;Halka Aç?k;99;80;842;357;1199;0,702251877;3;6;7;2;3
30 Haziran 2026 Sal?;Bölge_26;Halka Aç?k;301;295;23322;677;23999;0,971790491;2;6;6;5;2
30 Haziran 2026 Sal?;Bölge_34;Halka Aç?k;701;701;17711;14412;32123;0,5513495;6;6;7;3;3
30 Haziran 2026 Sal?;Bölge_36;Halka Aç?k;323;310;2556;3170;5726;0,446384911;3;5;6;3;2
30 Haziran 2026 Sal?;Bölge_37;Halka Aç?k;182;163;2129;1206;3335;0,63838081;3;6;7;4;5
30 Haziran 2026 Sal?;Bölge_12;Halka Aç?k;1542;1483;91872;71767;163639;0,561430955;12;11;10;2;3
1 Temmuz 2026 Çar?amba;Bölge_03;Halka Aç?k;334;319;6722;8737;15459;0,434827609;6;7;6;2;3
1 Temmuz 2026 Çar?amba;Bölge_05;Halka Aç?k;99;87;9322;727;10049;0,927654493;2;4;4;3;1
1 Temmuz 2026 Çar?amba;Bölge_14;Halka Aç?k;349;329;4702;20;4722;0,995764507;2;5;6;2;1
1 Temmuz 2026 Çar?amba;Bölge_15;Halka Aç?k;29;17;802;537;1339;0,598954444;2;4;4;2;1
1 Temmuz 2026 Çar?amba;Bölge_19;Halka Aç?k;79;64;1602;1087;2689;0,595760506;3;6;7;2;3
1 Temmuz 2026 Çar?amba;Bölge_26;Halka Aç?k;300;290;24222;1157;25379;0,954411127;2;6;6;5;2
1 Temmuz 2026 Çar?amba;Bölge_34;Halka Aç?k;864;851;21175;21298;42473;0,498552021;6;6;7;3;3
1 Temmuz 2026 Çar?amba;Bölge_36;Halka Aç?k;346;342;3282;3021;6303;0,520704426;3;5;6;3;2
1 Temmuz 2026 Çar?amba;Bölge_37;Halka Aç?k;181;168;1852;1419;3271;0,56618771;3;6;7;4;5
1 Temmuz 2026 Çar?amba;Bölge_12;Halka Aç?k;1606;1562;104922;24367;129289;0,811530757;12;11;10;2;3
2 Temmuz 2026 Per?embe;Bölge_03;Halka Aç?k;325;307;6422;11607;18029;0,356203894;6;7;6;2;3
2 Temmuz 2026 Per?embe;Bölge_05;Halka Aç?k;131;122;14342;1037;15379;0,932570388;2;4;4;3;1
2 Temmuz 2026 Per?embe;Bölge_14;Halka Aç?k;347;310;5442;2517;7959;0,68375424;2;5;6;2;1
2 Temmuz 2026 Per?embe;Bölge_15;Halka Aç?k;38;33;1282;577;1859;0,689618074;2;4;4;2;1
2 Temmuz 2026 Per?embe;Bölge_19;Halka Aç?k;126;120;2732;357;3089;0,884428618;3;6;7;2;3
2 Temmuz 2026 Per?embe;Bölge_26;Halka Aç?k;304;274;23782;357;24139;0,985210655;2;6;6;5;2
2 Temmuz 2026 Per?embe;Bölge_34;Halka Aç?k;851;842;20396;43499;63895;0,319211206;6;6;7;3;3
2 Temmuz 2026 Per?embe;Bölge_36;Halka Aç?k;327;313;3709;1932;5641;0,657507534;3;5;6;3;2
2 Temmuz 2026 Per?embe;Bölge_37;Halka Aç?k;167;147;1830;1014;2844;0,643459916;3;6;7;4;5
2 Temmuz 2026 Per?embe;Bölge_12;Halka Aç?k;1765;1652;117172;40017;157189;0,745421117;12;11;10;2;3
3 Temmuz 2026 Cuma;Bölge_03;Halka Aç?k;337;333;6872;7367;14239;0,482618161;6;7;6;2;3
3 Temmuz 2026 Cuma;Bölge_05;Halka Aç?k;128;110;12402;637;13039;0,95114656;2;4;4;3;1
3 Temmuz 2026 Cuma;Bölge_14;Halka Aç?k;317;314;4842;8317;13159;0,367961091;2;5;6;2;1
3 Temmuz 2026 Cuma;Bölge_15;Halka Aç?k;27;26;802;157;959;0,8362878;2;4;4;2;1
3 Temmuz 2026 Cuma;Bölge_19;Halka Aç?k;81;71;682;7217;7899;0,086340043;3;6;7;2;3
3 Temmuz 2026 Cuma;Bölge_26;Halka Aç?k;272;259;22142;577;22719;0,974602755;2;6;6;5;2
3 Temmuz 2026 Cuma;Bölge_34;Halka Aç?k;809;788;18495;34296;52791;0,350343809;6;6;7;3;3
3 Temmuz 2026 Cuma;Bölge_36;Halka Aç?k;339;337;3923;2124;6047;0,648751447;3;5;6;3;2
3 Temmuz 2026 Cuma;Bölge_37;Halka Aç?k;155;128;1254;1142;2396;0,523372287;3;6;7;4;5
3 Temmuz 2026 Cuma;Bölge_12;Halka Aç?k;1744;1642;111272;30767;142039;0,783390477;12;11;10;2;3
16 Haziran 2026 Sal?;Bölge_01;Halka Aç?k;828;656;14972;50;15022;0,996671548;2;6;3;2;1
16 Haziran 2026 Sal?;Bölge_20;Halka Aç?k;909;875;9332;2927;12259;0,761236642;3;8;3;2;1
16 Haziran 2026 Sal?;Bölge_21;Halka Aç?k;1242;1179;4632;2437;7069;0,65525534;5;11;3;5;1
16 Haziran 2026 Sal?;Bölge_25;Halka Aç?k;918;908;4272;1167;5439;0,7854385;3;19;3;2;1
17 Haziran 2026 Çar?amba;Bölge_01;Halka Aç?k;163;90;1272;317;1589;0,800503461;2;6;3;2;1
17 Haziran 2026 Çar?amba;Bölge_20;Halka Aç?k;987;970;11262;4677;15939;0,706568794;3;8;3;2;1
17 Haziran 2026 Çar?amba;Bölge_21;Halka Aç?k;828;712;1782;1237;3019;0,590261676;5;11;3;5;1
17 Haziran 2026 Çar?amba;Bölge_22;Halka Aç?k;2805;2379;8547;5707;14254;0,599621159;6;12;3;5;1
17 Haziran 2026 Çar?amba;Bölge_25;Halka Aç?k;502;505;722;1967;2689;0,268501302;3;19;3;2;1
18 Haziran 2026 Per?embe;Bölge_20;Halka Aç?k;1145;1101;11742;4017;15759;0,745098039;3;8;3;2;1
18 Haziran 2026 Per?embe;Bölge_21;Halka Aç?k;1216;1180;4702;2887;7589;0,619580972;5;11;3;5;1
18 Haziran 2026 Per?embe;Bölge_22;Halka Aç?k;2729;2290;7142;2062;9204;0,775966971;6;12;3;5;1
18 Haziran 2026 Per?embe;Bölge_25;Halka Aç?k;1123;1022;30;1767;1797;0,016694491;3;19;3;2;1
19 Haziran 2026 Cuma;Bölge_01;Halka Aç?k;1135;970;24622;10017;34639;0,710817287;2;6;3;2;1
19 Haziran 2026 Cuma;Bölge_20;Halka Aç?k;1067;1037;10192;3487;13679;0,745083705;3;8;3;2;1
19 Haziran 2026 Cuma;Bölge_21;Halka Aç?k;1255;1198;4862;3067;7929;0,61319208;5;11;3;5;1
19 Haziran 2026 Cuma;Bölge_22;Halka Aç?k;3088;2515;6827;2357;9184;0,743358014;6;12;3;5;1
19 Haziran 2026 Cuma;Bölge_25;Halka Aç?k;593;668;1022;2817;3839;0,26621516;3;19;3;2;1
20 Haziran 2026 Cumartesi;Bölge_01;Halka Aç?k;656;608;15522;8017;23539;0,659416288;2;6;3;2;1
20 Haziran 2026 Cumartesi;Bölge_20;Halka Aç?k;1022;971;10812;3027;13839;0,781270323;3;8;3;2;1
20 Haziran 2026 Cumartesi;Bölge_21;Halka Aç?k;689;640;3342;1617;4959;0,673926195;5;11;3;5;1
20 Haziran 2026 Cumartesi;Bölge_22;Halka Aç?k;1286;1176;4202;2542;6744;0,623072361;6;12;3;5;1
21 Haziran 2026 Pazar;Bölge_01;Halka Aç?k;105;77;10;1017;1027;0,009737098;2;6;3;2;1
21 Haziran 2026 Pazar;Bölge_20;Halka Aç?k;702;688;7182;2607;9789;0,733680662;3;8;3;2;1
21 Haziran 2026 Pazar;Bölge_21;Halka Aç?k;186;154;702;497;1199;0,585487907;5;11;3;5;1
21 Haziran 2026 Pazar;Bölge_22;Halka Aç?k;358;293;10;1622;1632;0,006127451;6;12;3;5;1
22 Haziran 2026 Pazartesi;Bölge_22;Halka Aç?k;2994;2456;127;2697;2824;0,044971671;6;12;3;5;1
26 Haziran 2026 Cuma;Bölge_01;Halka Aç?k;1025;858;24922;25467;50389;0,494592074;2;6;3;2;1
26 Haziran 2026 Cuma;Bölge_09;Halka Aç?k;27;16;182;307;489;0,372188139;3;4;3;2;1
26 Haziran 2026 Cuma;Bölge_20;Halka Aç?k;980;977;8312;23307;31619;0,262879914;3;8;3;2;1
26 Haziran 2026 Cuma;Bölge_21;Halka Aç?k;185;176;162;21397;21559;0,007514263;5;11;3;5;1
26 Haziran 2026 Cuma;Bölge_22;Halka Aç?k;2422;2094;4557;67512;72069;0,06323107;6;12;3;5;1
26 Haziran 2026 Cuma;Bölge_25;Halka Aç?k;1245;1134;7072;81217;88289;0,080100579;3;19;3;2;1
27 Haziran 2026 Cumartesi;Bölge_01;Halka Aç?k;570;555;16872;12817;29689;0,568291286;2;6;3;2;1
27 Haziran 2026 Cumartesi;Bölge_20;Halka Aç?k;912;807;10712;22367;33079;0,323830829;3;8;3;2;1
27 Haziran 2026 Cumartesi;Bölge_21;Halka Aç?k;715;539;3052;10;3062;0,996734161;5;11;3;5;1
27 Haziran 2026 Cumartesi;Bölge_22;Halka Aç?k;938;814;4852;17872;22724;0,213518747;6;12;3;5;1
28 Haziran 2026 Pazar;Bölge_01;Halka Aç?k;70;62;2072;467;2539;0,816069319;2;6;3;2;1
28 Haziran 2026 Pazar;Bölge_20;Halka Aç?k;632;615;6472;17107;23579;0,27448153;3;8;3;2;1
28 Haziran 2026 Pazar;Bölge_21;Halka Aç?k;211;154;932;697;1629;0,572130141;5;11;3;5;1
29 Haziran 2026 Pazartesi;Bölge_01;Halka Aç?k;904;893;24022;63917;87939;0,273166627;2;6;3;2;1
29 Haziran 2026 Pazartesi;Bölge_20;Halka Aç?k;923;884;11542;5167;16709;0,690765456;3;8;3;2;1
29 Haziran 2026 Pazartesi;Bölge_21;Halka Aç?k;1256;981;4042;6247;10289;0,39284673;5;11;3;5;1
29 Haziran 2026 Pazartesi;Bölge_22;Halka Aç?k;2728;2301;2927;3017;5944;0,492429341;6;12;3;5;1
29 Haziran 2026 Pazartesi;Bölge_25;Halka Aç?k;471;508;2222;114567;116789;0,019025764;3;19;3;2;1
30 Haziran 2026 Sal?;Bölge_01;Halka Aç?k;935;892;21572;57217;78789;0,273794565;2;6;3;2;1
30 Haziran 2026 Sal?;Bölge_20;Halka Aç?k;912;892;9172;4677;13849;0,662286086;3;8;3;2;1
30 Haziran 2026 Sal?;Bölge_21;Halka Aç?k;1143;947;5042;4657;9699;0,519847407;5;11;3;5;1
30 Haziran 2026 Sal?;Bölge_22;Halka Aç?k;2391;1827;4557;16822;21379;0,213153094;6;12;3;5;1
30 Haziran 2026 Sal?;Bölge_25;Halka Aç?k;468;475;1572;39217;40789;0,038539802;3;19;3;2;1
1 Temmuz 2026 Çar?amba;Bölge_01;Halka Aç?k;919;856;24872;34767;59639;0,417042539;2;6;3;2;1
1 Temmuz 2026 Çar?amba;Bölge_20;Halka Aç?k;982;946;10722;16597;27319;0,392474102;3;8;3;2;1
1 Temmuz 2026 Çar?amba;Bölge_21;Halka Aç?k;1188;1017;6467;10032;16499;0,391963149;5;11;3;5;1
1 Temmuz 2026 Çar?amba;Bölge_22;Halka Aç?k;2234;1853;3032;86112;89144;0,034012384;6;12;3;5;1
1 Temmuz 2026 Çar?amba;Bölge_25;Halka Aç?k;1077;925;5572;12317;17889;0,311476326;3;19;3;2;1
2 Temmuz 2026 Per?embe;Bölge_01;Halka Aç?k;965;877;22222;84967;107189;0,207316049;2;6;3;2;1
2 Temmuz 2026 Per?embe;Bölge_09;Halka Aç?k;182;100;362;2047;2409;0,150269822;3;4;3;2;1
2 Temmuz 2026 Per?embe;Bölge_20;Halka Aç?k;800;785;10812;9917;20729;0,521588113;3;8;3;2;1
2 Temmuz 2026 Per?embe;Bölge_21;Halka Aç?k;1158;1083;7847;22;7869;0,997204219;5;11;3;5;1
2 Temmuz 2026 Per?embe;Bölge_22;Halka Aç?k;2906;2386;5012;24272;29284;0,171151482;6;12;3;5;1
2 Temmuz 2026 Per?embe;Bölge_25;Halka Aç?k;880;835;3922;90867;94789;0,041376109;3;19;3;2;1
3 Temmuz 2026 Cuma;Bölge_01;Halka Aç?k;1022;946;24572;86817;111389;0,220596289;2;6;3;2;1
3 Temmuz 2026 Cuma;Bölge_20;Halka Aç?k;923;880;8862;17757;26619;0,332920095;3;8;3;2;1
3 Temmuz 2026 Cuma;Bölge_21;Halka Aç?k;1212;1037;6452;11847;18299;0,352587573;5;11;3;5;1
3 Temmuz 2026 Cuma;Bölge_22;Halka Aç?k;3263;2781;6422;107152;113574;0,056544632;6;12;3;5;1
3 Temmuz 2026 Cuma;Bölge_25;Halka Aç?k;1150;1099;8022;76767;84789;0,094611329;3;19;3;2;1
16 Haziran 2026 Sal?;Bölge_02;Halka Aç?k;180;148;16192;4607;20799;0,778498966;4;8;5;2;3
16 Haziran 2026 Sal?;Bölge_23;Halka Aç?k;1379;1009;322;1442;1764;0,182539683;2;5;5;2;1
17 Haziran 2026 Çar?amba;Bölge_02;Halka Aç?k;243;247;320;5087;5407;0,059182541;4;8;5;2;3
17 Haziran 2026 Çar?amba;Bölge_18;Halka Aç?k;189;176;4532;17;4549;0,996262915;3;5;5;3;1
18 Haziran 2026 Per?embe;Bölge_02;Halka Aç?k;381;370;51032;15667;66699;0,765108922;4;8;5;2;3
18 Haziran 2026 Per?embe;Bölge_18;Halka Aç?k;119;102;7962;1217;9179;0,867414751;3;5;5;3;1
19 Haziran 2026 Cuma;Bölge_02;Halka Aç?k;338;351;49072;15537;64609;0,759522667;4;8;5;2;3
19 Haziran 2026 Cuma;Bölge_18;Halka Aç?k;104;106;8152;757;8909;0,915029745;3;5;5;3;1
20 Haziran 2026 Cumartesi;Bölge_02;Halka Aç?k;417;409;62642;16987;79629;0,786673197;4;8;5;2;3
20 Haziran 2026 Cumartesi;Bölge_18;Halka Aç?k;112;108;7962;977;8939;0,890703658;3;5;5;3;1
21 Haziran 2026 Pazar;Bölge_02;Halka Aç?k;148;138;17212;2997;20209;0,851699738;4;8;5;2;3
21 Haziran 2026 Pazar;Bölge_18;Halka Aç?k;84;72;4102;927;5029;0,815669119;3;5;5;3;1
26 Haziran 2026 Cuma;Bölge_02;Halka Aç?k;128;111;10912;1727;12639;0,863359443;4;8;5;2;3
26 Haziran 2026 Cuma;Bölge_07;Halka Aç?k;1222;1052;44282;3777;48059;0,921409101;3;5;5;3;2
26 Haziran 2026 Cuma;Bölge_18;Halka Aç?k;159;117;9182;9287;18469;0,497157399;3;5;5;3;1
27 Haziran 2026 Cumartesi;Bölge_02;Halka Aç?k;137;134;17632;3767;21399;0,823963737;4;8;5;2;3
27 Haziran 2026 Cumartesi;Bölge_07;Halka Aç?k;1404;1295;70142;6027;76169;0,920873321;3;5;5;3;2
27 Haziran 2026 Cumartesi;Bölge_18;Halka Aç?k;133;107;8542;1077;9619;0,888034099;3;5;5;3;1
28 Haziran 2026 Pazar;Bölge_02;Halka Aç?k;107;104;13912;10777;24689;0,563489813;4;8;5;2;3
28 Haziran 2026 Pazar;Bölge_07;Halka Aç?k;1636;1481;94322;2307;96629;0,97612518;3;5;5;3;2
28 Haziran 2026 Pazar;Bölge_18;Halka Aç?k;98;87;5852;4297;10149;0,576608533;3;5;5;3;1
29 Haziran 2026 Pazartesi;Bölge_02;Halka Aç?k;135;133;13772;2217;15989;0,861342173;4;8;5;2;3
29 Haziran 2026 Pazartesi;Bölge_07;Halka Aç?k;145;153;2402;267;2669;0,899962533;3;5;5;3;2
29 Haziran 2026 Pazartesi;Bölge_18;Halka Aç?k;149;102;7942;23217;31159;0,254886229;3;5;5;3;1
30 Haziran 2026 Sal?;Bölge_02;Halka Aç?k;162;158;14412;3557;17969;0,802047972;4;8;5;2;3
30 Haziran 2026 Sal?;Bölge_07;Halka Aç?k;1122;1000;45992;927;46919;0,980242546;3;5;5;3;2
30 Haziran 2026 Sal?;Bölge_18;Halka Aç?k;132;99;8252;1527;9779;0,843849064;3;5;5;3;1
1 Temmuz 2026 Çar?amba;Bölge_02;Halka Aç?k;148;149;13352;3417;16769;0,796231141;4;8;5;2;3
1 Temmuz 2026 Çar?amba;Bölge_07;Halka Aç?k;1118;1005;51452;6417;57869;0,889111614;3;5;5;3;2
1 Temmuz 2026 Çar?amba;Bölge_18;Halka Aç?k;166;143;10672;4807;15479;0,689450223;3;5;5;3;1
2 Temmuz 2026 Per?embe;Bölge_02;Halka Aç?k;180;166;15522;3507;19029;0,815702349;4;8;5;2;3
2 Temmuz 2026 Per?embe;Bölge_07;Halka Aç?k;960;836;38582;5217;43799;0,880887691;3;5;5;3;2
2 Temmuz 2026 Per?embe;Bölge_18;Halka Aç?k;99;81;7532;24107;31639;0,238060621;3;5;5;3;1
3 Temmuz 2026 Cuma;Bölge_02;Halka Aç?k;166;174;16922;4197;21119;0,801268999;4;8;5;2;3
3 Temmuz 2026 Cuma;Bölge_07;Halka Aç?k;630;654;28112;10227;38339;0,733248129;3;5;5;3;2
3 Temmuz 2026 Cuma;Bölge_18;Halka Aç?k;105;76;4942;22387;27329;0,180833547;3;5;5;3;1
16 Haziran 2026 Sal?;Bölge_11;Halka Aç?k;330;314;2722;517;3239;0,840382834;3;4;5;4;1
16 Haziran 2026 Sal?;Bölge_16;Halka Aç?k;207;248;7072;21387;28459;0,248497839;3;4;5;4;1
17 Haziran 2026 Çar?amba;Bölge_13;Halka Aç?k;46;32;2842;1847;4689;0,606099382;3;4;5;2;1
17 Haziran 2026 Çar?amba;Bölge_16;Halka Aç?k;26;31;822;1767;2589;0,317497103;3;4;5;4;1
18 Haziran 2026 Per?embe;Bölge_13;Halka Aç?k;41;31;3942;477;4419;0,892057026;3;4;5;2;1
18 Haziran 2026 Per?embe;Bölge_16;Halka Aç?k;268;217;3922;7947;11869;0,330440644;3;4;5;4;1
19 Haziran 2026 Cuma;Bölge_11;Halka Aç?k;342;348;3722;12817;16539;0,225043836;3;4;5;4;1
19 Haziran 2026 Cuma;Bölge_13;Halka Aç?k;41;34;3382;637;4019;0,841502861;3;4;5;2;1
21 Haziran 2026 Pazar;Bölge_13;Halka Aç?k;9;8;252;397;649;0,388289676;3;4;5;2;1
21 Haziran 2026 Pazar;Bölge_16;Halka Aç?k;75;79;6332;2767;9099;0,695900648;3;4;5;4;1
26 Haziran 2026 Cuma;Bölge_11;Halka Aç?k;210;194;20;21917;21937;0,000911702;3;4;5;4;1
26 Haziran 2026 Cuma;Bölge_13;Halka Aç?k;30;27;3662;1237;4899;0,74749949;3;4;5;2;1
26 Haziran 2026 Cuma;Bölge_16;Halka Aç?k;312;306;1072;57557;58629;0,018284467;3;4;5;4;1
26 Haziran 2026 Cuma;Bölge_29;Halka Aç?k;359;356;49682;2367;52049;0,954523622;3;4;5;2;2
26 Haziran 2026 Cuma;Bölge_32;Halka Aç?k;78;73;2722;2517;5239;0,519564802;4;4;5;2;2
27 Haziran 2026 Cumartesi;Bölge_13;Halka Aç?k;10;10;292;1707;1999;0,146073037;3;4;5;2;1
27 Haziran 2026 Cumartesi;Bölge_29;Halka Aç?k;364;327;51042;7687;58729;0,869110661;3;4;5;2;2
27 Haziran 2026 Cumartesi;Bölge_32;Halka Aç?k;95;77;3722;3917;7639;0,487236549;4;4;5;2;2
28 Haziran 2026 Pazar;Bölge_13;Halka Aç?k;14;11;592;1237;1829;0,323674139;3;4;5;2;1
28 Haziran 2026 Pazar;Bölge_29;Halka Aç?k;394;394;64152;4407;68559;0,935719599;3;4;5;2;2
28 Haziran 2026 Pazar;Bölge_32;Halka Aç?k;162;144;15922;1517;17439;0,913011067;4;4;5;2;2
29 Haziran 2026 Pazartesi;Bölge_11;Halka Aç?k;10;11;322;317;639;0,503912363;3;4;5;4;1
29 Haziran 2026 Pazartesi;Bölge_16;Halka Aç?k;316;304;19472;21597;41069;0,474128905;3;4;5;4;1
29 Haziran 2026 Pazartesi;Bölge_29;Halka Aç?k;348;336;51702;3147;54849;0,942624296;3;4;5;2;2
29 Haziran 2026 Pazartesi;Bölge_32;Halka Aç?k;79;63;30;1917;1947;0,01540832;4;4;5;2;2
30 Haziran 2026 Sal?;Bölge_13;Halka Aç?k;14;10;762;1987;2749;0,277191706;3;4;5;2;1
30 Haziran 2026 Sal?;Bölge_16;Halka Aç?k;324;311;8672;99517;108189;0,080156023;3;4;5;4;1
30 Haziran 2026 Sal?;Bölge_29;Halka Aç?k;327;325;48932;2897;51829;0,944104652;3;4;5;2;2
30 Haziran 2026 Sal?;Bölge_32;Halka Aç?k;22;14;322;317;639;0,503912363;4;4;5;2;2
1 Temmuz 2026 Çar?amba;Bölge_13;Halka Aç?k;39;34;4622;5067;9689;0,477035814;3;4;5;2;1
1 Temmuz 2026 Çar?amba;Bölge_16;Halka Aç?k;293;292;15262;19317;34579;0,441366147;3;4;5;4;1
1 Temmuz 2026 Çar?amba;Bölge_29;Halka Aç?k;348;334;50212;35947;86159;0,582782994;3;4;5;2;2
1 Temmuz 2026 Çar?amba;Bölge_32;Halka Aç?k;57;46;2522;717;3239;0,778635381;4;4;5;2;2
2 Temmuz 2026 Per?embe;Bölge_13;Halka Aç?k;35;35;4672;1467;6139;0,761035999;3;4;5;2;1
2 Temmuz 2026 Per?embe;Bölge_16;Halka Aç?k;298;283;1622;54517;56139;0,02889257;3;4;5;4;1
2 Temmuz 2026 Per?embe;Bölge_29;Halka Aç?k;383;375;57632;2317;59949;0,961350481;3;4;5;2;2
2 Temmuz 2026 Per?embe;Bölge_32;Halka Aç?k;39;32;2322;917;3239;0,716887928;4;4;5;2;2
3 Temmuz 2026 Cuma;Bölge_11;Halka Aç?k;283;257;80;74717;74797;0,001069562;3;4;5;4;1
3 Temmuz 2026 Cuma;Bölge_13;Halka Aç?k;35;31;3202;1627;4829;0,663077242;3;4;5;2;1
3 Temmuz 2026 Cuma;Bölge_16;Halka Aç?k;318;306;22232;26597;48829;0,455303201;3;4;5;4;1
3 Temmuz 2026 Cuma;Bölge_29;Halka Aç?k;346;334;51432;4877;56309;0,913388623;3;4;5;2;2
3 Temmuz 2026 Cuma;Bölge_32;Halka Aç?k;75;68;2922;1917;4839;0,603843769;4;4;5;2;2
16 Haziran 2026 Sal?;Bölge_06;Halka Aç?k;342;352;11597;447;12044;0,962886084;2;4;5;3;2
17 Haziran 2026 Çar?amba;Bölge_17;Halka Aç?k;52;48;4622;6717;11339;0,40761972;2;4;5;2;1
18 Haziran 2026 Per?embe;Bölge_17;Halka Aç?k;40;34;4022;1917;5939;0,677218387;2;4;5;2;1
19 Haziran 2026 Cuma;Bölge_06;Halka Aç?k;362;396;14797;237;15034;0,984235732;2;4;5;3;2
19 Haziran 2026 Cuma;Bölge_10;Halka Aç?k;34;23;222;177;399;0,556390977;2;4;5;2;1
19 Haziran 2026 Cuma;Bölge_17;Halka Aç?k;64;61;9722;3717;13439;0,723416921;2;4;5;2;1
20 Haziran 2026 Cumartesi;Bölge_06;Halka Aç?k;434;447;16617;397;17014;0,976666275;2;4;5;3;2
20 Haziran 2026 Cumartesi;Bölge_17;Halka Aç?k;139;106;22022;5217;27239;0,808473145;2;4;5;2;1
20 Haziran 2026 Cumartesi;Bölge_33;Halka Aç?k;96;81;13922;1517;15439;0,901742341;2;4;5;3;2
21 Haziran 2026 Pazar;Bölge_06;Halka Aç?k;442;420;21902;11597;33499;0,653810562;2;4;5;3;2
21 Haziran 2026 Pazar;Bölge_17;Halka Aç?k;320;328;61922;240;62162;0,99613912;2;4;5;2;1
21 Haziran 2026 Pazar;Bölge_31;Halka Aç?k;1013;1014;101972;2567;104539;0,975444571;2;4;5;2;2
21 Haziran 2026 Pazar;Bölge_33;Halka Aç?k;107;91;17422;1317;18739;0,929718768;2;4;5;3;2
26 Haziran 2026 Cuma;Bölge_17;Halka Aç?k;54;42;7922;1617;9539;0,830485376;2;4;5;2;1
26 Haziran 2026 Cuma;Bölge_24;Halka Aç?k;778;667;96912;937;97849;0,990424021;2;4;5;4;2
26 Haziran 2026 Cuma;Bölge_27;Halka Aç?k;692;689;81892;2237;84129;0,973409882;2;4;5;4;2
26 Haziran 2026 Cuma;Bölge_31;Halka Aç?k;517;483;43472;22167;65639;0,662289188;2;4;5;2;2
26 Haziran 2026 Cuma;Bölge_33;Halka Aç?k;51;37;6722;417;7139;0,941588458;2;4;5;3;2
26 Haziran 2026 Cuma;Bölge_35;Halka Aç?k;125;130;2305;4323;6628;0,347767049;2;4;5;2;2
26 Haziran 2026 Cuma;Bölge_38;Halka Aç?k;359;347;9223;170;9393;0,981901416;2;4;5;2;2
27 Haziran 2026 Cumartesi;Bölge_17;Halka Aç?k;247;180;33422;11817;45239;0,73878733;2;4;5;2;1
27 Haziran 2026 Cumartesi;Bölge_24;Halka Aç?k;1099;995;170052;1927;171979;0,988795144;2;4;5;4;2
27 Haziran 2026 Cumartesi;Bölge_27;Halka Aç?k;679;622;76192;1287;77479;0,983389047;2;4;5;4;2
27 Haziran 2026 Cumartesi;Bölge_31;Halka Aç?k;722;689;68672;2467;71139;0,965321413;2;4;5;2;2
27 Haziran 2026 Cumartesi;Bölge_33;Halka Aç?k;102;80;16822;93017;109839;0,153151431;2;4;5;3;2
27 Haziran 2026 Cumartesi;Bölge_35;Halka Aç?k;125;123;2092;30;2122;0,985862394;2;4;5;2;2
28 Haziran 2026 Pazar;Bölge_17;Halka Aç?k;69;106;14822;12717;27539;0,538218526;2;4;5;2;1
28 Haziran 2026 Pazar;Bölge_24;Halka Aç?k;1206;1258;215892;3157;219049;0,9855877;2;4;5;4;2
28 Haziran 2026 Pazar;Bölge_27;Halka Aç?k;739;769;100082;1687;101769;0,983423243;2;4;5;4;2
28 Haziran 2026 Pazar;Bölge_31;Halka Aç?k;931;940;109772;5667;115439;0,950909138;2;4;5;2;2
28 Haziran 2026 Pazar;Bölge_33;Halka Aç?k;222;190;43672;1217;44889;0,972888681;2;4;5;3;2
28 Haziran 2026 Pazar;Bölge_35;Halka Aç?k;113;101;2593;1542;4135;0,627085852;2;4;5;2;2
29 Haziran 2026 Pazartesi;Bölge_06;Halka Aç?k;355;313;13247;207;13454;0,984614241;2;4;5;3;2
29 Haziran 2026 Pazartesi;Bölge_10;Halka Aç?k;46;36;462;13557;14019;0,032955275;2;4;5;2;1
29 Haziran 2026 Pazartesi;Bölge_17;Halka Aç?k;74;65;102;6717;6819;0,014958205;2;4;5;2;1
29 Haziran 2026 Pazartesi;Bölge_24;Halka Aç?k;634;671;96452;2137;98589;0,978324154;2;4;5;4;2
29 Haziran 2026 Pazartesi;Bölge_27;Halka Aç?k;513;521;56272;937;57209;0,983621458;2;4;5;4;2
29 Haziran 2026 Pazartesi;Bölge_28;Halka Aç?k;26;21;222;397;619;0,358642973;2;4;5;2;1
29 Haziran 2026 Pazartesi;Bölge_31;Halka Aç?k;384;380;31522;3967;35489;0,888218885;2;4;5;2;2
29 Haziran 2026 Pazartesi;Bölge_33;Halka Aç?k;40;42;8522;1617;10139;0,840516816;2;4;5;3;2
29 Haziran 2026 Pazartesi;Bölge_35;Halka Aç?k;122;126;2321;7745;10066;0,230578184;2;4;5;2;2
29 Haziran 2026 Pazartesi;Bölge_38;Halka Aç?k;432;421;13312;315;13627;0,976884127;2;4;5;2;2
30 Haziran 2026 Sal?;Bölge_06;Halka Aç?k;314;329;8762;45912;54674;0,16025899;2;4;5;3;2
30 Haziran 2026 Sal?;Bölge_17;Halka Aç?k;64;57;9422;5517;14939;0,630698173;2;4;5;2;1
30 Haziran 2026 Sal?;Bölge_24;Halka Aç?k;678;632;92112;1007;93119;0,98918588;2;4;5;4;2
30 Haziran 2026 Sal?;Bölge_27;Halka Aç?k;487;476;57092;577;57669;0,989994624;2;4;5;4;2
30 Haziran 2026 Sal?;Bölge_31;Halka Aç?k;428;426;33622;10;33632;0,999702664;2;4;5;2;2
30 Haziran 2026 Sal?;Bölge_33;Halka Aç?k;21;18;2922;417;3339;0,875112309;2;4;5;3;2
30 Haziran 2026 Sal?;Bölge_35;Halka Aç?k;155;136;2695;5135;7830;0,344189017;2;4;5;2;2
30 Haziran 2026 Sal?;Bölge_38;Halka Aç?k;364;352;12426;507;12933;0,960797959;2;4;5;2;2
1 Temmuz 2026 Çar?amba;Bölge_06;Halka Aç?k;309;329;11192;4342;15534;0,720484099;2;4;5;3;2
1 Temmuz 2026 Çar?amba;Bölge_10;Halka Aç?k;50;36;172;2367;2539;0,067743206;2;4;5;2;1
1 Temmuz 2026 Çar?amba;Bölge_17;Halka Aç?k;125;81;9722;2517;12239;0,794345943;2;4;5;2;1
1 Temmuz 2026 Çar?amba;Bölge_24;Halka Aç?k;671;629;91962;1837;93799;0,980415569;2;4;5;4;2
1 Temmuz 2026 Çar?amba;Bölge_27;Halka Aç?k;508;488;53342;56737;110079;0,484579257;2;4;5;4;2
1 Temmuz 2026 Çar?amba;Bölge_31;Halka Aç?k;493;464;39872;667;40539;0,983546708;2;4;5;2;2
1 Temmuz 2026 Çar?amba;Bölge_33;Halka Aç?k;32;27;3722;317;4039;0,921515227;2;4;5;3;2
1 Temmuz 2026 Çar?amba;Bölge_35;Halka Aç?k;155;153;3026;2380;5406;0,559748428;2;4;5;2;2
1 Temmuz 2026 Çar?amba;Bölge_38;Halka Aç?k;445;441;14204;373;14577;0,974411745;2;4;5;2;2
2 Temmuz 2026 Per?embe;Bölge_17;Halka Aç?k;146;118;7322;12417;19739;0,370940777;2;4;5;2;1
2 Temmuz 2026 Per?embe;Bölge_24;Halka Aç?k;774;727;104242;847;105089;0,991940165;2;4;5;4;2
2 Temmuz 2026 Per?embe;Bölge_27;Halka Aç?k;512;515;60892;1277;62169;0,979459216;2;4;5;4;2
2 Temmuz 2026 Per?embe;Bölge_31;Halka Aç?k;438;427;36272;1267;37539;0,966248435;2;4;5;2;2
2 Temmuz 2026 Per?embe;Bölge_35;Halka Aç?k;133;141;2577;4131;6708;0,384168157;2;4;5;2;2
2 Temmuz 2026 Per?embe;Bölge_38;Halka Aç?k;424;418;14844;443;15287;0,971021129;2;4;5;2;2
3 Temmuz 2026 Cuma;Bölge_06;Halka Aç?k;312;322;9197;1020;10217;0,900166389;2;4;5;3;2
3 Temmuz 2026 Cuma;Bölge_17;Halka Aç?k;91;68;8822;2817;11639;0,757968898;2;4;5;2;1
3 Temmuz 2026 Cuma;Bölge_24;Halka Aç?k;856;786;117552;1637;119189;0,986265511;2;4;5;4;2
3 Temmuz 2026 Cuma;Bölge_27;Halka Aç?k;543;507;56622;1027;57649;0,982185294;2;4;5;4;2
3 Temmuz 2026 Cuma;Bölge_30;Halka Aç?k;84;76;511;2964;3475;0,14705036;2;4;5;2;1
3 Temmuz 2026 Cuma;Bölge_31;Halka Aç?k;465;432;35972;2067;38039;0,945661032;2;4;5;2;2
3 Temmuz 2026 Cuma;Bölge_35;Halka Aç?k;149;145;2898;3144;6042;0,479642502;2;4;5;2;2
3 Temmuz 2026 Cuma;Bölge_38;Halka Aç?k;435;425;14711;752;15463;0,951367781;2;4;5;2;2
16 Haziran 2026 Sal?;Bölge_03;Halka Aç?k;316;288;6792;0;6792;1;6;7;6;2;3
16 Haziran 2026 Sal?;Bölge_07;Halka Aç?k;944;793;31592;0;31592;1;3;5;5;3;2
16 Haziran 2026 Sal?;Bölge_24;Halka Aç?k;441;400;51442;0;51442;1;2;4;5;4;2
16 Haziran 2026 Sal?;Bölge_26;Halka Aç?k;353;346;31462;0;31462;1;2;6;6;5;2
16 Haziran 2026 Sal?;Bölge_27;Halka Aç?k;423;380;35572;0;35572;1;2;4;5;4;2
16 Haziran 2026 Sal?;Bölge_29;Halka Aç?k;272;238;34932;0;34932;1;3;4;5;2;2
16 Haziran 2026 Sal?;Bölge_31;Halka Aç?k;443;393;16672;0;16672;1;2;4;5;2;2
16 Haziran 2026 Sal?;Bölge_32;Halka Aç?k;99;90;2322;0;2322;1;4;4;5;2;2
16 Haziran 2026 Sal?;Bölge_33;Halka Aç?k;24;14;1822;0;1822;1;2;4;5;3;2
16 Haziran 2026 Sal?;Bölge_34;Halka Aç?k;763;728;32822;0;32822;1;6;6;7;3;3
16 Haziran 2026 Sal?;Bölge_35;Halka Aç?k;146;143;6912;0;6912;1;2;4;5;2;2
16 Haziran 2026 Sal?;Bölge_36;Halka Aç?k;507;478;7562;0;7562;1;3;5;6;3;2
16 Haziran 2026 Sal?;Bölge_37;Halka Aç?k;295;237;1682;0;1682;1;3;6;7;4;5
17 Haziran 2026 Çar?amba;Bölge_03;Halka Aç?k;389;321;7362;0;7362;1;6;7;6;2;3
17 Haziran 2026 Çar?amba;Bölge_04;Halka Aç?k;132;124;20322;0;20322;1;4;6;4;4;3
17 Haziran 2026 Çar?amba;Bölge_06;Halka Aç?k;354;349;13232;0;13232;1;2;4;5;3;2
17 Haziran 2026 Çar?amba;Bölge_07;Halka Aç?k;1002;864;40712;0;40712;1;3;5;5;3;2
17 Haziran 2026 Çar?amba;Bölge_12;Halka Aç?k;1812;1691;105022;0;105022;1;12;11;10;2;3
17 Haziran 2026 Çar?amba;Bölge_14;Halka Aç?k;258;266;5502;0;5502;1;2;5;6;2;1
17 Haziran 2026 Çar?amba;Bölge_19;Halka Aç?k;53;46;762;0;762;1;3;6;7;2;3
17 Haziran 2026 Çar?amba;Bölge_24;Halka Aç?k;579;584;75552;0;75552;1;2;4;5;4;2
17 Haziran 2026 Çar?amba;Bölge_26;Halka Aç?k;397;396;38382;0;38382;1;2;6;6;5;2
17 Haziran 2026 Çar?amba;Bölge_27;Halka Aç?k;548;547;58392;0;58392;1;2;4;5;4;2
17 Haziran 2026 Çar?amba;Bölge_29;Halka Aç?k;256;255;38252;0;38252;1;3;4;5;2;2
17 Haziran 2026 Çar?amba;Bölge_31;Halka Aç?k;426;419;29922;0;29922;1;2;4;5;2;2
17 Haziran 2026 Çar?amba;Bölge_32;Halka Aç?k;98;94;42322;0;42322;1;4;4;5;2;2
17 Haziran 2026 Çar?amba;Bölge_33;Halka Aç?k;26;17;2422;0;2422;1;2;4;5;3;2
17 Haziran 2026 Çar?amba;Bölge_34;Halka Aç?k;848;839;36872;0;36872;1;6;6;7;3;3
17 Haziran 2026 Çar?amba;Bölge_35;Halka Aç?k;143;131;6292;0;6292;1;2;4;5;2;2
17 Haziran 2026 Çar?amba;Bölge_36;Halka Aç?k;439;409;5642;0;5642;1;3;5;6;3;2
17 Haziran 2026 Çar?amba;Bölge_37;Halka Aç?k;230;206;1402;0;1402;1;3;6;7;4;5
18 Haziran 2026 Per?embe;Bölge_03;Halka Aç?k;479;335;9002;0;9002;1;6;7;6;2;3
18 Haziran 2026 Per?embe;Bölge_04;Halka Aç?k;134;133;22712;0;22712;1;4;6;4;4;3
18 Haziran 2026 Per?embe;Bölge_06;Halka Aç?k;429;409;19442;0;19442;1;2;4;5;3;2
18 Haziran 2026 Per?embe;Bölge_07;Halka Aç?k;1364;1199;48992;0;48992;1;3;5;5;3;2
18 Haziran 2026 Per?embe;Bölge_12;Halka Aç?k;1805;1681;120472;0;120472;1;12;11;10;2;3
18 Haziran 2026 Per?embe;Bölge_14;Halka Aç?k;273;270;6602;0;6602;1;2;5;6;2;1
18 Haziran 2026 Per?embe;Bölge_24;Halka Aç?k;513;493;64472;0;64472;1;2;4;5;4;2
18 Haziran 2026 Per?embe;Bölge_26;Halka Aç?k;321;316;26772;0;26772;1;2;6;6;5;2
18 Haziran 2026 Per?embe;Bölge_27;Halka Aç?k;497;488;49982;0;49982;1;2;4;5;4;2
18 Haziran 2026 Per?embe;Bölge_29;Halka Aç?k;297;297;41412;0;41412;1;3;4;5;2;2
18 Haziran 2026 Per?embe;Bölge_31;Halka Aç?k;436;435;34772;0;34772;1;2;4;5;2;2
18 Haziran 2026 Per?embe;Bölge_32;Halka Aç?k;68;58;21522;0;21522;1;4;4;5;2;2
18 Haziran 2026 Per?embe;Bölge_33;Halka Aç?k;21;14;2022;0;2022;1;2;4;5;3;2
18 Haziran 2026 Per?embe;Bölge_34;Halka Aç?k;907;881;39042;0;39042;1;6;6;7;3;3
18 Haziran 2026 Per?embe;Bölge_35;Halka Aç?k;151;138;4392;0;4392;1;2;4;5;2;2
18 Haziran 2026 Per?embe;Bölge_36;Halka Aç?k;456;439;3922;0;3922;1;3;5;6;3;2
18 Haziran 2026 Per?embe;Bölge_37;Halka Aç?k;204;181;1282;0;1282;1;3;6;7;4;5
19 Haziran 2026 Cuma;Bölge_03;Halka Aç?k;446;327;7582;0;7582;1;6;7;6;2;3
19 Haziran 2026 Cuma;Bölge_07;Halka Aç?k;1400;1273;52232;0;52232;1;3;5;5;3;2
19 Haziran 2026 Cuma;Bölge_12;Halka Aç?k;1831;1737;121772;0;121772;1;12;11;10;2;3
19 Haziran 2026 Cuma;Bölge_14;Halka Aç?k;262;263;5262;0;5262;1;2;5;6;2;1
19 Haziran 2026 Cuma;Bölge_24;Halka Aç?k;580;569;78042;0;78042;1;2;4;5;4;2
19 Haziran 2026 Cuma;Bölge_26;Halka Aç?k;374;364;31542;0;31542;1;2;6;6;5;2
19 Haziran 2026 Cuma;Bölge_27;Halka Aç?k;624;595;69262;0;69262;1;2;4;5;4;2
19 Haziran 2026 Cuma;Bölge_29;Halka Aç?k;305;284;41242;0;41242;1;3;4;5;2;2
19 Haziran 2026 Cuma;Bölge_31;Halka Aç?k;427;412;25622;0;25622;1;2;4;5;2;2
19 Haziran 2026 Cuma;Bölge_32;Halka Aç?k;70;54;1522;0;1522;1;4;4;5;2;2
19 Haziran 2026 Cuma;Bölge_33;Halka Aç?k;26;14;1822;0;1822;1;2;4;5;3;2
19 Haziran 2026 Cuma;Bölge_34;Halka Aç?k;1018;1000;50372;0;50372;1;6;6;7;3;3
19 Haziran 2026 Cuma;Bölge_35;Halka Aç?k;131;134;5792;0;5792;1;2;4;5;2;2
19 Haziran 2026 Cuma;Bölge_36;Halka Aç?k;500;471;6362;0;6362;1;3;5;6;3;2
19 Haziran 2026 Cuma;Bölge_37;Halka Aç?k;235;213;2242;0;2242;1;3;6;7;4;5
20 Haziran 2026 Cumartesi;Bölge_03;Halka Aç?k;413;248;7492;0;7492;1;6;7;6;2;3
20 Haziran 2026 Cumartesi;Bölge_07;Halka Aç?k;2019;1700;96662;0;96662;1;3;5;5;3;2
20 Haziran 2026 Cumartesi;Bölge_12;Halka Aç?k;1639;1565;125522;0;125522;1;12;11;10;2;3
20 Haziran 2026 Cumartesi;Bölge_13;Halka Aç?k;21;10;452;0;452;1;3;4;5;2;1
20 Haziran 2026 Cumartesi;Bölge_14;Halka Aç?k;192;186;3762;0;3762;1;2;5;6;2;1
20 Haziran 2026 Cumartesi;Bölge_24;Halka Aç?k;957;879;134942;0;134942;1;2;4;5;4;2
20 Haziran 2026 Cumartesi;Bölge_26;Halka Aç?k;113;102;11082;0;11082;1;2;6;6;5;2
20 Haziran 2026 Cumartesi;Bölge_27;Halka Aç?k;784;764;67742;0;67742;1;2;4;5;4;2
20 Haziran 2026 Cumartesi;Bölge_29;Halka Aç?k;383;376;62292;0;62292;1;3;4;5;2;2
20 Haziran 2026 Cumartesi;Bölge_31;Halka Aç?k;714;672;61372;0;61372;1;2;4;5;2;2
20 Haziran 2026 Cumartesi;Bölge_32;Halka Aç?k;125;105;49522;0;49522;1;4;4;5;2;2
20 Haziran 2026 Cumartesi;Bölge_34;Halka Aç?k;761;755;37452;0;37452;1;6;6;7;3;3
20 Haziran 2026 Cumartesi;Bölge_35;Halka Aç?k;124;127;50;0;50;1;2;4;5;2;2
20 Haziran 2026 Cumartesi;Bölge_36;Halka Aç?k;463;448;3562;0;3562;1;3;5;6;3;2
20 Haziran 2026 Cumartesi;Bölge_37;Halka Aç?k;196;171;2162;0;2162;1;3;6;7;4;5
21 Haziran 2026 Pazar;Bölge_03;Halka Aç?k;233;176;3302;0;3302;1;6;7;6;2;3
21 Haziran 2026 Pazar;Bölge_07;Halka Aç?k;1664;1565;102722;0;102722;1;3;5;5;3;2
21 Haziran 2026 Pazar;Bölge_12;Halka Aç?k;1190;1139;82972;0;82972;1;12;11;10;2;3
21 Haziran 2026 Pazar;Bölge_24;Halka Aç?k;1356;1339;238232;0;238232;1;2;4;5;4;2
21 Haziran 2026 Pazar;Bölge_26;Halka Aç?k;91;87;8012;0;8012;1;2;6;6;5;2
21 Haziran 2026 Pazar;Bölge_27;Halka Aç?k;923;942;121502;0;121502;1;2;4;5;4;2
21 Haziran 2026 Pazar;Bölge_29;Halka Aç?k;406;400;66422;0;66422;1;3;4;5;2;2
21 Haziran 2026 Pazar;Bölge_32;Halka Aç?k;142;101;722;0;722;1;4;4;5;2;2
21 Haziran 2026 Pazar;Bölge_34;Halka Aç?k;653;663;31962;0;31962;1;6;6;7;3;3
21 Haziran 2026 Pazar;Bölge_35;Halka Aç?k;122;119;6012;0;6012;1;2;4;5;2;2
21 Haziran 2026 Pazar;Bölge_36;Halka Aç?k;604;463;5042;0;5042;1;3;5;6;3;2
21 Haziran 2026 Pazar;Bölge_37;Halka Aç?k;256;239;2282;0;2282;1;3;6;7;4;5
22 Haziran 2026 Pazartesi;Bölge_06;Halka Aç?k;357;335;127;0;127;1;2;4;5;3;2
23 Haziran 2026 Sal?;Bölge_06;Halka Aç?k;387;370;127;0;127;1;2;4;5;3;2
24 Haziran 2026 Çar?amba;Bölge_06;Halka Aç?k;350;347;127;0;127;1;2;4;5;3;2
24 Haziran 2026 Çar?amba;Bölge_38;Halka Aç?k;154;89;123;0;123;1;2;4;5;2;2
25 Haziran 2026 Per?embe;Bölge_06;Halka Aç?k;395;399;127;0;127;1;2;4;5;3;2
26 Haziran 2026 Cuma;Bölge_04;Halka Aç?k;128;124;19492;0;19492;1;4;6;4;4;3
26 Haziran 2026 Cuma;Bölge_06;Halka Aç?k;337;366;14282;0;14282;1;2;4;5;3;2
26 Haziran 2026 Cuma;Bölge_14;Halka Aç?k;349;349;5942;0;5942;1;2;5;6;2;1
27 Haziran 2026 Cumartesi;Bölge_04;Halka Aç?k;137;128;18952;0;18952;1;4;6;4;4;3
27 Haziran 2026 Cumartesi;Bölge_06;Halka Aç?k;423;448;21067;0;21067;1;2;4;5;3;2
27 Haziran 2026 Cumartesi;Bölge_14;Halka Aç?k;211;203;2962;0;2962;1;2;5;6;2;1
27 Haziran 2026 Cumartesi;Bölge_26;Halka Aç?k;36;34;2622;0;2622;1;2;6;6;5;2
27 Haziran 2026 Cumartesi;Bölge_38;Halka Aç?k;330;313;7280;0;7280;1;2;4;5;2;2
28 Haziran 2026 Pazar;Bölge_04;Halka Aç?k;114;115;18022;0;18022;1;4;6;4;4;3
28 Haziran 2026 Pazar;Bölge_06;Halka Aç?k;322;303;13667;0;13667;1;2;4;5;3;2
28 Haziran 2026 Pazar;Bölge_15;Halka Aç?k;15;11;522;0;522;1;2;4;4;2;1
28 Haziran 2026 Pazar;Bölge_22;Halka Aç?k;339;278;2;0;2;1;6;12;3;5;1
28 Haziran 2026 Pazar;Bölge_26;Halka Aç?k;57;52;5172;0;5172;1;2;6;6;5;2
28 Haziran 2026 Pazar;Bölge_38;Halka Aç?k;267;264;7547;0;7547;1;2;4;5;2;2
29 Haziran 2026 Pazartesi;Bölge_13;Halka Aç?k;24;19;2992;0;2992;1;3;4;5;2;1
30 Haziran 2026 Sal?;Bölge_04;Halka Aç?k;129;127;22442;0;22442;1;4;6;4;4;3
30 Haziran 2026 Sal?;Bölge_15;Halka Aç?k;26;21;802;0;802;1;2;4;4;2;1
1 Temmuz 2026 Çar?amba;Bölge_04;Halka Aç?k;133;133;20092;0;20092;1;4;6;4;4;3
2 Temmuz 2026 Per?embe;Bölge_04;Halka Aç?k;124;125;19302;0;19302;1;4;6;4;4;3
2 Temmuz 2026 Per?embe;Bölge_06;Halka Aç?k;356;350;11782;0;11782;1;2;4;5;3;2
2 Temmuz 2026 Per?embe;Bölge_33;Halka Aç?k;38;28;50;0;50;1;2;4;5;3;2
3 Temmuz 2026 Cuma;Bölge_04;Halka Aç?k;121;111;18192;0;18192;1;4;6;4;4;3
3 Temmuz 2026 Cuma;Bölge_33;Halka Aç?k;56;43;5722;0;5722;1;2;4;5;3;2
